dt,AverageTemperature,AverageTemperatureUncertainty,City,Country,Latitude,Longitude
1796-02-01,21.632,1.77,Ahmadabad,India,23.31N,72.52E
1796-03-01,24.953,2.427,Ahmadabad,India,23.31N,72.52E
1796-04-01,30.297,1.827,Ahmadabad,India,23.31N,72.52E
1796-05-01,33.223,1.496,Ahmadabad,India,23.31N,72.52E
1796-06-01,32.129,2.92,Ahmadabad,India,23.31N,72.52E
1796-07-01,28.651,2.28,Ahmadabad,India,23.31N,72.52E
1796-08-01,27.958,2.843,Ahmadabad,India,23.31N,72.52E
1796-09-01,27.953,3.237,Ahmadabad,India,23.31N,72.52E
1796-10-01,27.285,1.662,Ahmadabad,India,23.31N,72.52E
1796-11-01,23.92,2.867,Ahmadabad,India,23.31N,72.52E
1796-12-01,18.561,3.644,Ahmadabad,India,23.31N,72.52E
1797-01-01,,,Ahmadabad,India,23.31N,72.52E
1797-02-01,,,Ahmadabad,India,23.31N,72.52E
1797-03-01,25.49,2.093,Ahmadabad,India,23.31N,72.52E
1797-04-01,29.465,2.747,Ahmadabad,India,23.31N,72.52E
1797-05-01,32.426,2.128,Ahmadabad,India,23.31N,72.52E
1797-06-01,32.553,2.041,Ahmadabad,India,23.31N,72.52E
1797-07-01,28.604,2.27,Ahmadabad,India,23.31N,72.52E
1797-08-01,27.886,2.067,Ahmadabad,India,23.31N,72.52E
1797-09-01,28.048,2.871,Ahmadabad,India,23.31N,72.52E
1797-10-01,26.889,2.149,Ahmadabad,India,23.31N,72.52E
1797-11-01,22.892,1.938,Ahmadabad,India,23.31N,72.52E
1797-12-01,20.278,2.546,Ahmadabad,India,23.31N,72.52E
1798-01-01,19.869,1.984,Ahmadabad,India,23.31N,72.52E
1798-02-01,21.887,2.01,Ahmadabad,India,23.31N,72.52E
1798-03-01,27.112,1.938,Ahmadabad,India,23.31N,72.52E
1798-04-01,,,Ahmadabad,India,23.31N,72.52E
1798-05-01,,,Ahmadabad,India,23.31N,72.52E
1798-06-01,32.011,2.012,Ahmadabad,India,23.31N,72.52E
1798-07-01,29.727,2.285,Ahmadabad,India,23.31N,72.52E
1798-08-01,28.346,3.863,Ahmadabad,India,23.31N,72.52E
1798-09-01,27.901,2.532,Ahmadabad,India,23.31N,72.52E
1798-10-01,27.031,2.267,Ahmadabad,India,23.31N,72.52E
1798-11-01,24.455,2.477,Ahmadabad,India,23.31N,72.52E
1798-12-01,19.837,2.027,Ahmadabad,India,23.31N,72.52E
1799-01-01,19.234,2.15,Ahmadabad,India,23.31N,72.52E
1799-02-01,20.334,2.407,Ahmadabad,India,23.31N,72.52E
1799-03-01,25.71,2.471,Ahmadabad,India,23.31N,72.52E
1799-04-01,31.135,2.998,Ahmadabad,India,23.31N,72.52E
1799-05-01,33.383,1.528,Ahmadabad,India,23.31N,72.52E
1799-06-01,32.609,2.383,Ahmadabad,India,23.31N,72.52E
1799-07-01,29.077,2.025,Ahmadabad,India,23.31N,72.52E
1799-08-01,27.938,1.374,Ahmadabad,India,23.31N,72.52E
1799-09-01,28.125,2.306,Ahmadabad,India,23.31N,72.52E
1799-10-01,27.819,1.995,Ahmadabad,India,23.31N,72.52E
1799-11-01,24.007,1.758,Ahmadabad,India,23.31N,72.52E
1799-12-01,20.021,1.655,Ahmadabad,India,23.31N,72.52E
1800-01-01,19.64,1.95,Ahmadabad,India,23.31N,72.52E
1800-02-01,22.257,3.349,Ahmadabad,India,23.31N,72.52E
1800-03-01,25.565,2.862,Ahmadabad,India,23.31N,72.52E
1800-04-01,31.534,1.845,Ahmadabad,India,23.31N,72.52E
1800-05-01,32.514,1.495,Ahmadabad,India,23.31N,72.52E
1800-06-01,32.001,1.559,Ahmadabad,India,23.31N,72.52E
1800-07-01,28.305,1.879,Ahmadabad,India,23.31N,72.52E
1800-08-01,27.323,2.127,Ahmadabad,India,23.31N,72.52E
1800-09-01,26.929,2.123,Ahmadabad,India,23.31N,72.52E
1800-10-01,27.542,2.301,Ahmadabad,India,23.31N,72.52E
1800-11-01,24.283,2.507,Ahmadabad,India,23.31N,72.52E
1800-12-01,20.837,1.746,Ahmadabad,India,23.31N,72.52E
1801-01-01,20.017,1.792,Ahmadabad,India,23.31N,72.52E
1801-02-01,21.304,1.635,Ahmadabad,India,23.31N,72.52E
1801-03-01,27.775,2.054,Ahmadabad,India,23.31N,72.52E
1801-04-01,,,Ahmadabad,India,23.31N,72.52E
1801-05-01,,,Ahmadabad,India,23.31N,72.52E
1801-06-01,31.351,1.913,Ahmadabad,India,23.31N,72.52E
1801-07-01,29.121,2.543,Ahmadabad,India,23.31N,72.52E
1801-08-01,27.201,1.669,Ahmadabad,India,23.31N,72.52E
1801-09-01,27.577,1.527,Ahmadabad,India,23.31N,72.52E
1801-10-01,27.213,1.738,Ahmadabad,India,23.31N,72.52E
1801-11-01,24.216,1.781,Ahmadabad,India,23.31N,72.52E
1801-12-01,21.528,3.082,Ahmadabad,India,23.31N,72.52E
1802-01-01,20.535,2.029,Ahmadabad,India,23.31N,72.52E
1802-02-01,22.147,1.877,Ahmadabad,India,23.31N,72.52E
1802-03-01,27.494,2.137,Ahmadabad,India,23.31N,72.52E
1802-04-01,30.849,2.077,Ahmadabad,India,23.31N,72.52E
1802-05-01,32.345,1.896,Ahmadabad,India,23.31N,72.52E
1802-06-01,33.111,1.698,Ahmadabad,India,23.31N,72.52E
1802-07-01,29.572,1.74,Ahmadabad,India,23.31N,72.52E
1802-08-01,27.845,1.579,Ahmadabad,India,23.31N,72.52E
1802-09-01,28.53,1.877,Ahmadabad,India,23.31N,72.52E
1802-10-01,27.782,2.957,Ahmadabad,India,23.31N,72.52E
1802-11-01,23.939,1.986,Ahmadabad,India,23.31N,72.52E
1802-12-01,19.971,1.901,Ahmadabad,India,23.31N,72.52E
1803-01-01,18.037,2.06,Ahmadabad,India,23.31N,72.52E
1803-02-01,20.618,2.717,Ahmadabad,India,23.31N,72.52E
1803-03-01,25.958,2.26,Ahmadabad,India,23.31N,72.52E
1803-04-01,31.401,1.859,Ahmadabad,India,23.31N,72.52E
1803-05-01,33.496,1.669,Ahmadabad,India,23.31N,72.52E
1803-06-01,32.352,1.53,Ahmadabad,India,23.31N,72.52E
1803-07-01,29.666,1.632,Ahmadabad,India,23.31N,72.52E
1803-08-01,29.065,1.824,Ahmadabad,India,23.31N,72.52E
1803-09-01,28.665,1.639,Ahmadabad,India,23.31N,72.52E
1803-10-01,27.513,2.473,Ahmadabad,India,23.31N,72.52E
1803-11-01,24.439,2.224,Ahmadabad,India,23.31N,72.52E
1803-12-01,19.991,2.384,Ahmadabad,India,23.31N,72.52E
1804-01-01,19.881,3.444,Ahmadabad,India,23.31N,72.52E
1804-02-01,21.393,1.927,Ahmadabad,India,23.31N,72.52E
1804-03-01,25.839,3.176,Ahmadabad,India,23.31N,72.52E
1804-04-01,32.254,1.877,Ahmadabad,India,23.31N,72.52E
1804-05-01,33.846,1.737,Ahmadabad,India,23.31N,72.52E
1804-06-01,32.612,1.536,Ahmadabad,India,23.31N,72.52E
1804-07-01,30.436,2.243,Ahmadabad,India,23.31N,72.52E
1804-08-01,28.063,1.708,Ahmadabad,India,23.31N,72.52E
1804-09-01,28.454,2.951,Ahmadabad,India,23.31N,72.52E
1804-10-01,27.342,1.918,Ahmadabad,India,23.31N,72.52E
1804-11-01,25.321,3.168,Ahmadabad,India,23.31N,72.52E
1804-12-01,19.669,3.164,Ahmadabad,India,23.31N,72.52E
1805-01-01,19.761,1.826,Ahmadabad,India,23.31N,72.52E
1805-02-01,21.439,2.302,Ahmadabad,India,23.31N,72.52E
1805-03-01,26.657,1.781,Ahmadabad,India,23.31N,72.52E
1805-04-01,30.157,2.122,Ahmadabad,India,23.31N,72.52E
1805-05-01,33.18,1.37,Ahmadabad,India,23.31N,72.52E
1805-06-01,32.649,2.246,Ahmadabad,India,23.31N,72.52E
1805-07-01,28.907,1.774,Ahmadabad,India,23.31N,72.52E
1805-08-01,28.56,1.365,Ahmadabad,India,23.31N,72.52E
1805-09-01,27.929,2.065,Ahmadabad,India,23.31N,72.52E
1805-10-01,25.967,2.039,Ahmadabad,India,23.31N,72.52E
1805-11-01,23.513,2.571,Ahmadabad,India,23.31N,72.52E
1805-12-01,21.269,1.55,Ahmadabad,India,23.31N,72.52E
1806-01-01,19.702,1.925,Ahmadabad,India,23.31N,72.52E
1806-02-01,21.519,2.471,Ahmadabad,India,23.31N,72.52E
1806-03-01,25.726,2.083,Ahmadabad,India,23.31N,72.52E
1806-04-01,30.465,2.726,Ahmadabad,India,23.31N,72.52E
1806-05-01,33.192,1.767,Ahmadabad,India,23.31N,72.52E
1806-06-01,30.812,1.784,Ahmadabad,India,23.31N,72.52E
1806-07-01,28.727,1.642,Ahmadabad,India,23.31N,72.52E
1806-08-01,28.193,1.727,Ahmadabad,India,23.31N,72.52E
1806-09-01,28.77,1.973,Ahmadabad,India,23.31N,72.52E
1806-10-01,26.883,1.573,Ahmadabad,India,23.31N,72.52E
1806-11-01,24.034,1.862,Ahmadabad,India,23.31N,72.52E
1806-12-01,20.874,2.067,Ahmadabad,India,23.31N,72.52E
1807-01-01,18.445,2.273,Ahmadabad,India,23.31N,72.52E
1807-02-01,21.416,2.927,Ahmadabad,India,23.31N,72.52E
1807-03-01,,,Ahmadabad,India,23.31N,72.52E
1807-04-01,,,Ahmadabad,India,23.31N,72.52E
1807-05-01,31.055,1.71,Ahmadabad,India,23.31N,72.52E
1807-06-01,32.19,1.504,Ahmadabad,India,23.31N,72.52E
1807-07-01,29.279,2.134,Ahmadabad,India,23.31N,72.52E
1807-08-01,27.708,1.89,Ahmadabad,India,23.31N,72.52E
1807-09-01,28.481,1.583,Ahmadabad,India,23.31N,72.52E
1807-10-01,26.836,1.537,Ahmadabad,India,23.31N,72.52E
1807-11-01,24.087,2.225,Ahmadabad,India,23.31N,72.52E
1807-12-01,21.5,1.738,Ahmadabad,India,23.31N,72.52E
1808-01-01,,,Ahmadabad,India,23.31N,72.52E
1808-02-01,,,Ahmadabad,India,23.31N,72.52E
1808-03-01,,,Ahmadabad,India,23.31N,72.52E
1808-04-01,,,Ahmadabad,India,23.31N,72.52E
1808-05-01,,,Ahmadabad,India,23.31N,72.52E
1808-06-01,,,Ahmadabad,India,23.31N,72.52E
1808-07-01,,,Ahmadabad,India,23.31N,72.52E
1808-08-01,,,Ahmadabad,India,23.31N,72.52E
1808-09-01,,,Ahmadabad,India,23.31N,72.52E
1808-10-01,,,Ahmadabad,India,23.31N,72.52E
1808-11-01,,,Ahmadabad,India,23.31N,72.52E
1808-12-01,,,Ahmadabad,India,23.31N,72.52E
1809-01-01,,,Ahmadabad,India,23.31N,72.52E
1809-02-01,,,Ahmadabad,India,23.31N,72.52E
1809-03-01,,,Ahmadabad,India,23.31N,72.52E
1809-04-01,,,Ahmadabad,India,23.31N,72.52E
1809-05-01,,,Ahmadabad,India,23.31N,72.52E
1809-06-01,,,Ahmadabad,India,23.31N,72.52E
1809-07-01,,,Ahmadabad,India,23.31N,72.52E
1809-08-01,,,Ahmadabad,India,23.31N,72.52E
1809-09-01,,,Ahmadabad,India,23.31N,72.52E
1809-10-01,,,Ahmadabad,India,23.31N,72.52E
1809-11-01,,,Ahmadabad,India,23.31N,72.52E
1809-12-01,,,Ahmadabad,India,23.31N,72.52E
1810-01-01,,,Ahmadabad,India,23.31N,72.52E
1810-02-01,,,Ahmadabad,India,23.31N,72.52E
1810-03-01,,,Ahmadabad,India,23.31N,72.52E
1810-04-01,,,Ahmadabad,India,23.31N,72.52E
1810-05-01,,,Ahmadabad,India,23.31N,72.52E
1810-06-01,,,Ahmadabad,India,23.31N,72.52E
1810-07-01,,,Ahmadabad,India,23.31N,72.52E
1810-08-01,,,Ahmadabad,India,23.31N,72.52E
1810-09-01,,,Ahmadabad,India,23.31N,72.52E
1810-10-01,,,Ahmadabad,India,23.31N,72.52E
1810-11-01,,,Ahmadabad,India,23.31N,72.52E
1810-12-01,,,Ahmadabad,India,23.31N,72.52E
1811-01-01,,,Ahmadabad,India,23.31N,72.52E
1811-02-01,,,Ahmadabad,India,23.31N,72.52E
8/1/1927,24.474,0.273,Bangalore,India,12.05N,77.26E
9/1/1927,24.66,0.482,Bangalore,India,12.05N,77.26E
10/1/1927,24.312,0.307,Bangalore,India,12.05N,77.26E
11/1/1927,23.163,0.291,Bangalore,India,12.05N,77.26E
12/1/1927,22.632,0.476,Bangalore,India,12.05N,77.26E
1/1/1928,23.382,0.474,Bangalore,India,12.05N,77.26E
2/1/1928,24.803,0.336,Bangalore,India,12.05N,77.26E
3/1/1928,26.851,0.434,Bangalore,India,12.05N,77.26E
4/1/1928,28.094,0.293,Bangalore,India,12.05N,77.26E
5/1/1928,28.466,0.243,Bangalore,India,12.05N,77.26E
6/1/1928,25.637,0.266,Bangalore,India,12.05N,77.26E
7/1/1928,24.38,0.461,Bangalore,India,12.05N,77.26E
8/1/1928,24.062,0.587,Bangalore,India,12.05N,77.26E
9/1/1928,24.844,0.205,Bangalore,India,12.05N,77.26E
10/1/1928,24.171,0.214,Bangalore,India,12.05N,77.26E
11/1/1928,23.598,0.251,Bangalore,India,12.05N,77.26E
12/1/1928,22.427,0.57,Bangalore,India,12.05N,77.26E
1/1/1929,22.85,0.627,Bangalore,India,12.05N,77.26E
2/1/1929,24.627,0.388,Bangalore,India,12.05N,77.26E
3/1/1929,26.795,0.474,Bangalore,India,12.05N,77.26E
4/1/1929,27.23,0.253,Bangalore,India,12.05N,77.26E
5/1/1929,27.696,0.54,Bangalore,India,12.05N,77.26E
6/1/1929,25.071,0.12,Bangalore,India,12.05N,77.26E
7/1/1929,24.633,0.226,Bangalore,India,12.05N,77.26E
8/1/1929,24.575,0.553,Bangalore,India,12.05N,77.26E
9/1/1929,24.76,0.201,Bangalore,India,12.05N,77.26E
10/1/1929,24.185,0.249,Bangalore,India,12.05N,77.26E
11/1/1929,23.49,0.308,Bangalore,India,12.05N,77.26E
12/1/1929,22.519,0.565,Bangalore,India,12.05N,77.26E
1/1/1930,22.93,0.409,Bangalore,India,12.05N,77.26E
2/1/1930,24.521,0.17,Bangalore,India,12.05N,77.26E
3/1/1930,27.053,0.493,Bangalore,India,12.05N,77.26E
4/1/1930,27.749,0.374,Bangalore,India,12.05N,77.26E
5/1/1930,26.901,0.438,Bangalore,India,12.05N,77.26E
6/1/1930,25.28,0.319,Bangalore,India,12.05N,77.26E
7/1/1930,24.779,0.195,Bangalore,India,12.05N,77.26E
8/1/1930,24.483,0.1,Bangalore,India,12.05N,77.26E
9/1/1930,24.664,0.228,Bangalore,India,12.05N,77.26E
10/1/1930,23.959,0.364,Bangalore,India,12.05N,77.26E
11/1/1930,23.274,0.217,Bangalore,India,12.05N,77.26E
12/1/1930,22.67,0.308,Bangalore,India,12.05N,77.26E
1/1/1931,23.147,0.431,Bangalore,India,12.05N,77.26E
2/1/1931,25.164,0.685,Bangalore,India,12.05N,77.26E
3/1/1931,27.382,0.21,Bangalore,India,12.05N,77.26E
4/1/1931,28.445,0.321,Bangalore,India,12.05N,77.26E
5/1/1931,28.302,0.545,Bangalore,India,12.05N,77.26E
6/1/1931,26.062,0.113,Bangalore,India,12.05N,77.26E
7/1/1931,24.703,0.462,Bangalore,India,12.05N,77.26E
8/1/1931,24.691,0.198,Bangalore,India,12.05N,77.26E
9/1/1931,24.592,0.241,Bangalore,India,12.05N,77.26E
10/1/1931,24.632,0.233,Bangalore,India,12.05N,77.26E
11/1/1931,23.47,0.282,Bangalore,India,12.05N,77.26E
12/1/1931,22.304,0.424,Bangalore,India,12.05N,77.26E
1/1/1932,22.032,0.817,Bangalore,India,12.05N,77.26E
2/1/1932,24.293,0.348,Bangalore,India,12.05N,77.26E
3/1/1932,26.402,0.42,Bangalore,India,12.05N,77.26E
4/1/1932,27.92,0.409,Bangalore,India,12.05N,77.26E
5/1/1932,26.788,0.297,Bangalore,India,12.05N,77.26E
6/1/1932,25.513,0.326,Bangalore,India,12.05N,77.26E
7/1/1932,24.428,0.282,Bangalore,India,12.05N,77.26E
8/1/1932,24.69,0.352,Bangalore,India,12.05N,77.26E
9/1/1932,24.519,0.482,Bangalore,India,12.05N,77.26E
10/1/1932,24.282,0.249,Bangalore,India,12.05N,77.26E
11/1/1932,23.297,0.364,Bangalore,India,12.05N,77.26E
12/1/1932,21.973,0.636,Bangalore,India,12.05N,77.26E
1/1/1933,22.72,0.794,Bangalore,India,12.05N,77.26E
2/1/1933,24.829,0.17,Bangalore,India,12.05N,77.26E
3/1/1933,26.686,0.368,Bangalore,India,12.05N,77.26E
4/1/1933,27.838,0.192,Bangalore,India,12.05N,77.26E
5/1/1933,26.537,0.275,Bangalore,India,12.05N,77.26E
6/1/1933,25.03,0.685,Bangalore,India,12.05N,77.26E
7/1/1933,24.399,0.294,Bangalore,India,12.05N,77.26E
8/1/1933,24.11,0.163,Bangalore,India,12.05N,77.26E
9/1/1933,24.218,0.447,Bangalore,India,12.05N,77.26E
10/1/1933,23.646,0.157,Bangalore,India,12.05N,77.26E
11/1/1933,23.319,0.514,Bangalore,India,12.05N,77.26E
12/1/1933,21.928,0.492,Bangalore,India,12.05N,77.26E
1/1/1934,22.696,0.629,Bangalore,India,12.05N,77.26E
2/1/1934,24.107,0.409,Bangalore,India,12.05N,77.26E
3/1/1934,26.475,0.404,Bangalore,India,12.05N,77.26E
4/1/1934,27.979,0.255,Bangalore,India,12.05N,77.26E
5/1/1934,28.009,0.276,Bangalore,India,12.05N,77.26E
6/1/1934,25.412,0.111,Bangalore,India,12.05N,77.26E
7/1/1934,24.57,0.277,Bangalore,India,12.05N,77.26E
8/1/1934,24.48,0.227,Bangalore,India,12.05N,77.26E
9/1/1934,25.052,0.177,Bangalore,India,12.05N,77.26E
10/1/1934,24.504,0.391,Bangalore,India,12.05N,77.26E
11/1/1934,22.752,0.445,Bangalore,India,12.05N,77.26E
12/1/1934,21.732,0.392,Bangalore,India,12.05N,77.26E
1/1/1935,22.727,0.42,Bangalore,India,12.05N,77.26E
2/1/1935,24.77,0.27,Bangalore,India,12.05N,77.26E
3/1/1935,27.013,0.219,Bangalore,India,12.05N,77.26E
4/1/1935,27.83,0.309,Bangalore,India,12.05N,77.26E
5/1/1935,28.451,0.362,Bangalore,India,12.05N,77.26E
6/1/1935,25.847,0.251,Bangalore,India,12.05N,77.26E
7/1/1935,24.369,0.334,Bangalore,India,12.05N,77.26E
8/1/1935,24.142,0.156,Bangalore,India,12.05N,77.26E
9/1/1935,24.289,0.406,Bangalore,India,12.05N,77.26E
10/1/1935,24.327,0.232,Bangalore,India,12.05N,77.26E
11/1/1935,23.03,0.584,Bangalore,India,12.05N,77.26E
12/1/1935,22.393,0.384,Bangalore,India,12.05N,77.26E
1/1/1936,23.068,0.425,Bangalore,India,12.05N,77.26E
2/1/1936,25.066,0.226,Bangalore,India,12.05N,77.26E
3/1/1936,26.807,0.451,Bangalore,India,12.05N,77.26E
4/1/1936,28.323,0.227,Bangalore,India,12.05N,77.26E
5/1/1936,27.565,0.276,Bangalore,India,12.05N,77.26E
6/1/1936,24.654,0.399,Bangalore,India,12.05N,77.26E
7/1/1936,24.357,0.207,Bangalore,India,12.05N,77.26E
8/1/1936,24.324,0.47,Bangalore,India,12.05N,77.26E
9/1/1936,25.025,0.549,Bangalore,India,12.05N,77.26E
10/1/1936,24.517,0.306,Bangalore,India,12.05N,77.26E
11/1/1936,23.474,0.361,Bangalore,India,12.05N,77.26E
12/1/1936,22.743,0.407,Bangalore,India,12.05N,77.26E
1/1/1937,22.918,0.41,Bangalore,India,12.05N,77.26E
2/1/1937,25.291,0.273,Bangalore,India,12.05N,77.26E
3/1/1937,27.127,0.203,Bangalore,India,12.05N,77.26E
4/1/1937,27.291,0.369,Bangalore,India,12.05N,77.26E
5/1/1937,27.95,0.376,Bangalore,India,12.05N,77.26E
6/1/1937,25.742,0.617,Bangalore,India,12.05N,77.26E
7/1/1937,23.993,0.163,Bangalore,India,12.05N,77.26E
8/1/1937,24.844,0.235,Bangalore,India,12.05N,77.26E
9/1/1937,25.014,0.432,Bangalore,India,12.05N,77.26E
10/1/1937,24.135,0.194,Bangalore,India,12.05N,77.26E
11/1/1937,23.293,0.478,Bangalore,India,12.05N,77.26E
12/1/1937,21.891,0.269,Bangalore,India,12.05N,77.26E
1/1/1938,23.056,0.329,Bangalore,India,12.05N,77.26E
2/1/1938,25.238,0.442,Bangalore,India,12.05N,77.26E
3/1/1938,27.547,0.3,Bangalore,India,12.05N,77.26E
4/1/1938,27.931,0.346,Bangalore,India,12.05N,77.26E
5/1/1938,27.947,0.365,Bangalore,India,12.05N,77.26E
6/1/1938,24.768,0.239,Bangalore,India,12.05N,77.26E
7/1/1938,24.088,0.295,Bangalore,India,12.05N,77.26E
8/1/1938,24.331,0.16,Bangalore,India,12.05N,77.26E
9/1/1938,24.382,0.123,Bangalore,India,12.05N,77.26E
10/1/1938,24.121,0.287,Bangalore,India,12.05N,77.26E
11/1/1938,23.045,0.559,Bangalore,India,12.05N,77.26E
12/1/1938,22.414,0.648,Bangalore,India,12.05N,77.26E
1/1/1939,22.492,0.323,Bangalore,India,12.05N,77.26E
2/1/1939,24.356,0.505,Bangalore,India,12.05N,77.26E
3/1/1939,26.761,0.203,Bangalore,India,12.05N,77.26E
4/1/1939,27.401,0.387,Bangalore,India,12.05N,77.26E
5/1/1939,28.048,0.548,Bangalore,India,12.05N,77.26E
6/1/1939,25.513,0.28,Bangalore,India,12.05N,77.26E
7/1/1939,24.345,0.414,Bangalore,India,12.05N,77.26E
8/1/1939,24.536,0.31,Bangalore,India,12.05N,77.26E
9/1/1939,24.789,0.307,Bangalore,India,12.05N,77.26E
10/1/1939,24.524,0.337,Bangalore,India,12.05N,77.26E
11/1/1939,23.121,0.326,Bangalore,India,12.05N,77.26E
12/1/1939,22.17,0.334,Bangalore,India,12.05N,77.26E
1/1/1940,21.728,0.183,Bangalore,India,12.05N,77.26E
2/1/1940,24.561,0.28,Bangalore,India,12.05N,77.26E
3/1/1940,27.12,0.478,Bangalore,India,12.05N,77.26E
4/1/1940,27.819,0.24,Bangalore,India,12.05N,77.26E
5/1/1940,27.395,0.7,Bangalore,India,12.05N,77.26E
6/1/1940,25.704,0.168,Bangalore,India,12.05N,77.26E
7/1/1940,24.533,0.189,Bangalore,India,12.05N,77.26E
8/1/1940,24.293,0.126,Bangalore,India,12.05N,77.26E
9/1/1940,25.239,0.374,Bangalore,India,12.05N,77.26E
10/1/1940,24.649,0.355,Bangalore,India,12.05N,77.26E
11/1/1940,23.521,0.321,Bangalore,India,12.05N,77.26E
12/1/1940,22.513,0.219,Bangalore,India,12.05N,77.26E
1/1/1941,23.21,0.453,Bangalore,India,12.05N,77.26E
2/1/1941,25.169,0.257,Bangalore,India,12.05N,77.26E
3/1/1941,27.921,0.364,Bangalore,India,12.05N,77.26E
4/1/1941,28.95,0.225,Bangalore,India,12.05N,77.26E
5/1/1941,28.487,0.188,Bangalore,India,12.05N,77.26E
6/1/1941,25.75,0.433,Bangalore,India,12.05N,77.26E
7/1/1941,25.356,0.158,Bangalore,India,12.05N,77.26E
8/1/1941,25.259,0.298,Bangalore,India,12.05N,77.26E
9/1/1941,24.833,0.207,Bangalore,India,12.05N,77.26E
10/1/1941,24.912,0.359,Bangalore,India,12.05N,77.26E
11/1/1941,24.006,0.318,Bangalore,India,12.05N,77.26E
12/1/1941,22.755,0.328,Bangalore,India,12.05N,77.26E
1/1/1942,22.844,0.459,Bangalore,India,12.05N,77.26E
2/1/1942,25.222,0.108,Bangalore,India,12.05N,77.26E
3/1/1942,27.544,0.27,Bangalore,India,12.05N,77.26E
4/1/1942,28.299,0.553,Bangalore,India,12.05N,77.26E
5/1/1942,28.366,0.261,Bangalore,India,12.05N,77.26E
6/1/1942,25.826,0.291,Bangalore,India,12.05N,77.26E
7/1/1942,24.567,0.29,Bangalore,India,12.05N,77.26E
8/1/1942,24.426,0.186,Bangalore,India,12.05N,77.26E
9/1/1942,25.071,0.463,Bangalore,India,12.05N,77.26E
10/1/1942,24.468,0.624,Bangalore,India,12.05N,77.26E
11/1/1942,23.247,0.512,Bangalore,India,12.05N,77.26E
12/1/1942,22.888,0.444,Bangalore,India,12.05N,77.26E
1/1/1943,22.964,0.431,Bangalore,India,12.05N,77.26E
2/1/1943,24.654,0.365,Bangalore,India,12.05N,77.26E
3/1/1943,27.339,0.383,Bangalore,India,12.05N,77.26E
4/1/1943,27.77,0.22,Bangalore,India,12.05N,77.26E
5/1/1943,26.569,0.318,Bangalore,India,12.05N,77.26E
6/1/1943,24.751,0.191,Bangalore,India,12.05N,77.26E
7/1/1943,24.047,0.254,Bangalore,India,12.05N,77.26E
8/1/1943,24.544,0.299,Bangalore,India,12.05N,77.26E
9/1/1943,24.168,0.344,Bangalore,India,12.05N,77.26E
10/1/1943,23.717,0.384,Bangalore,India,12.05N,77.26E
11/1/1943,23.465,0.324,Bangalore,India,12.05N,77.26E
12/1/1943,22.294,0.394,Bangalore,India,12.05N,77.26E
1/1/1944,23.147,0.462,Bangalore,India,12.05N,77.26E
2/1/1944,24.76,0.285,Bangalore,India,12.05N,77.26E
3/1/1944,25.974,0.446,Bangalore,India,12.05N,77.26E
4/1/1944,27.376,0.54,Bangalore,India,12.05N,77.26E
5/1/1944,27.732,0.573,Bangalore,India,12.05N,77.26E
6/1/1944,25.5,0.379,Bangalore,India,12.05N,77.26E
7/1/1944,24.237,0.512,Bangalore,India,12.05N,77.26E
8/1/1944,24.971,0.309,Bangalore,India,12.05N,77.26E
9/1/1944,24.674,0.731,Bangalore,India,12.05N,77.26E
10/1/1944,24.714,0.283,Bangalore,India,12.05N,77.26E
11/1/1944,23.574,0.485,Bangalore,India,12.05N,77.26E
12/1/1944,22.34,0.435,Bangalore,India,12.05N,77.26E
1/1/1945,22.677,0.713,Bangalore,India,12.05N,77.26E
2/1/1945,25.322,0.59,Bangalore,India,12.05N,77.26E
3/1/1945,27.316,0.358,Bangalore,India,12.05N,77.26E
4/1/1945,27.632,0.571,Bangalore,India,12.05N,77.26E
5/1/1945,28.007,0.438,Bangalore,India,12.05N,77.26E
6/1/1945,25.805,0.375,Bangalore,India,12.05N,77.26E
7/1/1945,24.512,0.465,Bangalore,India,12.05N,77.26E
8/1/1945,24.511,0.27,Bangalore,India,12.05N,77.26E
9/1/1945,24.661,0.228,Bangalore,India,12.05N,77.26E
10/1/1945,24.624,0.319,Bangalore,India,12.05N,77.26E
11/1/1945,23.304,0.322,Bangalore,India,12.05N,77.26E
12/1/1945,22.189,0.965,Bangalore,India,12.05N,77.26E
1/1/1946,22.127,0.847,Bangalore,India,12.05N,77.26E
2/1/1946,24.678,0.424,Bangalore,India,12.05N,77.26E
3/1/1946,27.328,0.411,Bangalore,India,12.05N,77.26E
4/1/1946,27.963,0.417,Bangalore,India,12.05N,77.26E
5/1/1946,27.877,0.234,Bangalore,India,12.05N,77.26E
6/1/1946,25.293,0.488,Bangalore,India,12.05N,77.26E
7/1/1946,24.616,0.188,Bangalore,India,12.05N,77.26E
8/1/1946,24.258,0.338,Bangalore,India,12.05N,77.26E
9/1/1946,24.666,0.204,Bangalore,India,12.05N,77.26E
10/1/1946,24.679,0.338,Bangalore,India,12.05N,77.26E
11/1/1946,23.605,0.162,Bangalore,India,12.05N,77.26E
12/1/1946,22.557,0.221,Bangalore,India,12.05N,77.26E
1/1/1947,23.357,0.531,Bangalore,India,12.05N,77.26E
2/1/1947,24.631,0.344,Bangalore,India,12.05N,77.26E
3/1/1947,27.279,0.29,Bangalore,India,12.05N,77.26E
4/1/1947,27.691,0.287,Bangalore,India,12.05N,77.26E
5/1/1947,28.264,0.606,Bangalore,India,12.05N,77.26E
6/1/1947,25.875,0.304,Bangalore,India,12.05N,77.26E
7/1/1947,24.505,0.137,Bangalore,India,12.05N,77.26E
8/1/1947,24.529,0.398,Bangalore,India,12.05N,77.26E
9/1/1947,24.359,0.178,Bangalore,India,12.05N,77.26E
10/1/1947,24.015,0.276,Bangalore,India,12.05N,77.26E
11/1/1947,23.263,0.482,Bangalore,India,12.05N,77.26E
12/1/1947,22.518,0.41,Bangalore,India,12.05N,77.26E
1/1/1948,23.231,0.67,Bangalore,India,12.05N,77.26E
2/1/1948,25.216,0.704,Bangalore,India,12.05N,77.26E
3/1/1948,27.309,0.21,Bangalore,India,12.05N,77.26E
4/1/1948,28.293,0.32,Bangalore,India,12.05N,77.26E
5/1/1948,28.017,0.64,Bangalore,India,12.05N,77.26E
6/1/1948,25.811,0.325,Bangalore,India,12.05N,77.26E
7/1/1948,24.586,0.118,Bangalore,India,12.05N,77.26E
8/1/1948,24.375,0.09,Bangalore,India,12.05N,77.26E
9/1/1948,24.738,0.217,Bangalore,India,12.05N,77.26E
10/1/1948,24.651,0.274,Bangalore,India,12.05N,77.26E
11/1/1948,24.127,0.355,Bangalore,India,12.05N,77.26E
12/1/1948,22.168,0.408,Bangalore,India,12.05N,77.26E
1/1/1949,22.521,0.288,Bangalore,India,12.05N,77.26E
2/1/1949,24.603,0.35,Bangalore,India,12.05N,77.26E
3/1/1949,27.62,0.338,Bangalore,India,12.05N,77.26E
4/1/1949,28.46,0.303,Bangalore,India,12.05N,77.26E
5/1/1949,27.257,0.572,Bangalore,India,12.05N,77.26E
6/1/1949,25.259,0.372,Bangalore,India,12.05N,77.26E
7/1/1949,24.335,0.269,Bangalore,India,12.05N,77.26E
8/1/1949,24.608,0.225,Bangalore,India,12.05N,77.26E
9/1/1949,24.407,0.359,Bangalore,India,12.05N,77.26E
10/1/1949,24.834,0.276,Bangalore,India,12.05N,77.26E
11/1/1949,23.194,0.319,Bangalore,India,12.05N,77.26E
12/1/1949,21.999,0.236,Bangalore,India,12.05N,77.26E
1/1/1950,22.585,0.542,Bangalore,India,12.05N,77.26E
2/1/1950,24.862,0.619,Bangalore,India,12.05N,77.26E
3/1/1950,27.051,0.407,Bangalore,India,12.05N,77.26E
4/1/1950,28.173,0.51,Bangalore,India,12.05N,77.26E
5/1/1950,28.178,0.557,Bangalore,India,12.05N,77.26E
6/1/1950,25.525,0.322,Bangalore,India,12.05N,77.26E
7/1/1950,23.992,0.276,Bangalore,India,12.05N,77.26E
8/1/1950,24.563,0.231,Bangalore,India,12.05N,77.26E
9/1/1950,24.164,0.152,Bangalore,India,12.05N,77.26E
10/1/1950,23.852,0.186,Bangalore,India,12.05N,77.26E
11/1/1950,23.112,0.458,Bangalore,India,12.05N,77.26E
12/1/1950,22.107,0.425,Bangalore,India,12.05N,77.26E
1/1/1951,22.683,0.504,Bangalore,India,12.05N,77.26E
2/1/1951,24.218,0.36,Bangalore,India,12.05N,77.26E
3/1/1951,27.124,0.332,Bangalore,India,12.05N,77.26E
4/1/1951,27.517,0.254,Bangalore,India,12.05N,77.26E
5/1/1951,27.78,0.448,Bangalore,India,12.05N,77.26E
6/1/1951,24.991,0.989,Bangalore,India,12.05N,77.26E
7/1/1951,24.265,0.326,Bangalore,India,12.05N,77.26E
8/1/1951,25.014,0.123,Bangalore,India,12.05N,77.26E
9/1/1951,25.298,0.476,Bangalore,India,12.05N,77.26E
10/1/1951,25.111,0.378,Bangalore,India,12.05N,77.26E
11/1/1951,24.139,0.388,Bangalore,India,12.05N,77.26E
12/1/1951,22.197,0.183,Bangalore,India,12.05N,77.26E
1/1/1952,23.13,0.199,Bangalore,India,12.05N,77.26E
2/1/1952,25.177,0.146,Bangalore,India,12.05N,77.26E
3/1/1952,27.095,0.316,Bangalore,India,12.05N,77.26E
4/1/1952,28.292,0.243,Bangalore,India,12.05N,77.26E
5/1/1952,27.796,0.243,Bangalore,India,12.05N,77.26E
6/1/1952,25.617,0.238,Bangalore,India,12.05N,77.26E
7/1/1952,24.819,0.216,Bangalore,India,12.05N,77.26E
8/1/1952,24.622,0.142,Bangalore,India,12.05N,77.26E
9/1/1952,24.926,0.086,Bangalore,India,12.05N,77.26E
10/1/1952,24.16,0.181,Bangalore,India,12.05N,77.26E
11/1/1952,23.212,0.682,Bangalore,India,12.05N,77.26E
12/1/1952,22.548,0.255,Bangalore,India,12.05N,77.26E
1/1/1953,22.953,0.179,Bangalore,India,12.05N,77.26E
2/1/1953,24.338,0.747,Bangalore,India,12.05N,77.26E
3/1/1953,27.983,0.243,Bangalore,India,12.05N,77.26E
4/1/1953,27.755,0.954,Bangalore,India,12.05N,77.26E
5/1/1953,28.743,0.38,Bangalore,India,12.05N,77.26E
6/1/1953,26.422,0.396,Bangalore,India,12.05N,77.26E
7/1/1953,24.303,0.26,Bangalore,India,12.05N,77.26E
8/1/1953,24.798,0.569,Bangalore,India,12.05N,77.26E
9/1/1953,24.767,0.209,Bangalore,India,12.05N,77.26E
10/1/1953,24.537,0.311,Bangalore,India,12.05N,77.26E
11/1/1953,23.312,0.457,Bangalore,India,12.05N,77.26E
12/1/1953,22.26,0.316,Bangalore,India,12.05N,77.26E
1/1/1954,23.21,0.42,Bangalore,India,12.05N,77.26E
2/1/1954,25.181,0.37,Bangalore,India,12.05N,77.26E
3/1/1954,26.888,0.523,Bangalore,India,12.05N,77.26E
4/1/1954,28.277,0.362,Bangalore,India,12.05N,77.26E
5/1/1954,27.976,0.549,Bangalore,India,12.05N,77.26E
6/1/1954,25.726,0.574,Bangalore,India,12.05N,77.26E
7/1/1954,23.925,0.277,Bangalore,India,12.05N,77.26E
8/1/1954,24.186,0.307,Bangalore,India,12.05N,77.26E
9/1/1954,24.492,0.439,Bangalore,India,12.05N,77.26E
10/1/1954,23.844,0.199,Bangalore,India,12.05N,77.26E
11/1/1954,22.786,0.4,Bangalore,India,12.05N,77.26E
12/1/1954,22.573,0.319,Bangalore,India,12.05N,77.26E
1/1/1955,22.958,1.199,Bangalore,India,12.05N,77.26E
2/1/1955,25.143,0.536,Bangalore,India,12.05N,77.26E
3/1/1955,26.978,0.466,Bangalore,India,12.05N,77.26E
4/1/1955,27.762,0.382,Bangalore,India,12.05N,77.26E
5/1/1955,26.72,0.354,Bangalore,India,12.05N,77.26E
6/1/1955,24.952,0.316,Bangalore,India,12.05N,77.26E
7/1/1955,24.419,0.249,Bangalore,India,12.05N,77.26E
8/1/1955,24.155,0.555,Bangalore,India,12.05N,77.26E
9/1/1955,25.036,0.443,Bangalore,India,12.05N,77.26E
10/1/1955,24.556,0.406,Bangalore,India,12.05N,77.26E
11/1/1955,22.961,0.243,Bangalore,India,12.05N,77.26E
12/1/1955,21.705,0.453,Bangalore,India,12.05N,77.26E
1/1/1956,22.504,0.286,Bangalore,India,12.05N,77.26E
2/1/1956,24.221,0.571,Bangalore,India,12.05N,77.26E
3/1/1956,27.555,0.274,Bangalore,India,12.05N,77.26E
4/1/1956,28.553,0.33,Bangalore,India,12.05N,77.26E
5/1/1956,27.026,0.354,Bangalore,India,12.05N,77.26E
6/1/1956,24.81,0.295,Bangalore,India,12.05N,77.26E
7/1/1956,23.673,0.373,Bangalore,India,12.05N,77.26E
8/1/1956,24.345,0.344,Bangalore,India,12.05N,77.26E
9/1/1956,24.423,0.279,Bangalore,India,12.05N,77.26E
10/1/1956,23.831,0.306,Bangalore,India,12.05N,77.26E
11/1/1956,23.567,0.715,Bangalore,India,12.05N,77.26E
12/1/1956,22.23,0.751,Bangalore,India,12.05N,77.26E
1/1/1957,22.798,0.466,Bangalore,India,12.05N,77.26E
2/1/1957,24.963,0.395,Bangalore,India,12.05N,77.26E
3/1/1957,26.487,0.468,Bangalore,India,12.05N,77.26E
4/1/1957,27.926,0.776,Bangalore,India,12.05N,77.26E
5/1/1957,27.84,0.316,Bangalore,India,12.05N,77.26E
6/1/1957,25.64,1.14,Bangalore,India,12.05N,77.26E
7/1/1957,24.603,0.76,Bangalore,India,12.05N,77.26E
8/1/1957,24.487,0.674,Bangalore,India,12.05N,77.26E
9/1/1957,25.007,0.926,Bangalore,India,12.05N,77.26E
10/1/1957,24.736,0.676,Bangalore,India,12.05N,77.26E
11/1/1957,23.696,0.284,Bangalore,India,12.05N,77.26E
12/1/1957,23.101,0.282,Bangalore,India,12.05N,77.26E
1/1/1958,23.426,0.327,Bangalore,India,12.05N,77.26E
2/1/1958,25.401,0.299,Bangalore,India,12.05N,77.26E
3/1/1958,27.487,0.217,Bangalore,India,12.05N,77.26E
4/1/1958,28.102,0.374,Bangalore,India,12.05N,77.26E
5/1/1958,27.306,0.348,Bangalore,India,12.05N,77.26E
6/1/1958,26.371,0.531,Bangalore,India,12.05N,77.26E
7/1/1958,24.702,0.763,Bangalore,India,12.05N,77.26E
8/1/1958,24.586,0.517,Bangalore,India,12.05N,77.26E
9/1/1958,24.976,0.689,Bangalore,India,12.05N,77.26E
10/1/1958,24.401,0.321,Bangalore,India,12.05N,77.26E
11/1/1958,24.026,0.422,Bangalore,India,12.05N,77.26E
12/1/1958,22.729,0.676,Bangalore,India,12.05N,77.26E
1/1/1959,23.552,0.305,Bangalore,India,12.05N,77.26E
2/1/1959,25.414,0.43,Bangalore,India,12.05N,77.26E
3/1/1959,27.436,0.616,Bangalore,India,12.05N,77.26E
4/1/1959,28.323,0.137,Bangalore,India,12.05N,77.26E
5/1/1959,27.915,0.256,Bangalore,India,12.05N,77.26E
6/1/1959,25.228,0.119,Bangalore,India,12.05N,77.26E
7/1/1959,24.145,0.357,Bangalore,India,12.05N,77.26E
8/1/1959,24.814,0.474,Bangalore,India,12.05N,77.26E
9/1/1959,24.943,0.424,Bangalore,India,12.05N,77.26E
10/1/1959,24.656,0.388,Bangalore,India,12.05N,77.26E
11/1/1959,23.813,0.318,Bangalore,India,12.05N,77.26E
12/1/1959,22.697,0.23,Bangalore,India,12.05N,77.26E
1/1/1960,23.418,0.5,Bangalore,India,12.05N,77.26E
2/1/1960,24.764,0.563,Bangalore,India,12.05N,77.26E
3/1/1960,27.199,0.587,Bangalore,India,12.05N,77.26E
4/1/1960,27.96,0.174,Bangalore,India,12.05N,77.26E
5/1/1960,27.106,0.371,Bangalore,India,12.05N,77.26E
6/1/1960,25.757,0.206,Bangalore,India,12.05N,77.26E
7/1/1960,24.746,0.2,Bangalore,India,12.05N,77.26E
8/1/1960,25.11,0.22,Bangalore,India,12.05N,77.26E
9/1/1960,24.458,0.302,Bangalore,India,12.05N,77.26E
10/1/1960,24.555,0.222,Bangalore,India,12.05N,77.26E
11/1/1960,23.038,0.265,Bangalore,India,12.05N,77.26E
12/1/1960,22.703,0.426,Bangalore,India,12.05N,77.26E
1/1/1961,23.091,0.372,Bangalore,India,12.05N,77.26E
2/1/1961,24.981,0.394,Bangalore,India,12.05N,77.26E
3/1/1961,27.704,0.394,Bangalore,India,12.05N,77.26E
4/1/1961,28.467,0.346,Bangalore,India,12.05N,77.26E
5/1/1961,27.138,0.368,Bangalore,India,12.05N,77.26E
6/1/1961,24.962,0.324,Bangalore,India,12.05N,77.26E
7/1/1961,23.928,0.224,Bangalore,India,12.05N,77.26E
8/1/1961,24.513,0.23,Bangalore,India,12.05N,77.26E
9/1/1961,24.577,0.222,Bangalore,India,12.05N,77.26E
10/1/1961,24.337,0.264,Bangalore,India,12.05N,77.26E
11/1/1961,23.47,0.273,Bangalore,India,12.05N,77.26E
12/1/1961,22.441,0.283,Bangalore,India,12.05N,77.26E
1/1/1962,22.611,0.29,Bangalore,India,12.05N,77.26E
2/1/1962,24.511,0.313,Bangalore,India,12.05N,77.26E
3/1/1962,26.822,0.357,Bangalore,India,12.05N,77.26E
4/1/1962,27.634,0.483,Bangalore,India,12.05N,77.26E
5/1/1962,26.901,0.289,Bangalore,India,12.05N,77.26E
6/1/1962,26.039,0.433,Bangalore,India,12.05N,77.26E
7/1/1962,24.776,0.228,Bangalore,India,12.05N,77.26E
8/1/1962,24.342,0.309,Bangalore,India,12.05N,77.26E
9/1/1962,24.695,0.217,Bangalore,India,12.05N,77.26E
10/1/1962,24.229,0.333,Bangalore,India,12.05N,77.26E
11/1/1962,23.585,0.418,Bangalore,India,12.05N,77.26E
12/1/1962,22.667,0.175,Bangalore,India,12.05N,77.26E
1/1/1963,22.658,0.603,Bangalore,India,12.05N,77.26E
2/1/1963,24.148,0.462,Bangalore,India,12.05N,77.26E
3/1/1963,26.797,0.323,Bangalore,India,12.05N,77.26E
4/1/1963,27.428,0.326,Bangalore,India,12.05N,77.26E
5/1/1963,27.816,0.306,Bangalore,India,12.05N,77.26E
6/1/1963,25.517,0.404,Bangalore,India,12.05N,77.26E
7/1/1963,24.976,0.339,Bangalore,India,12.05N,77.26E
8/1/1963,24.576,0.264,Bangalore,India,12.05N,77.26E
9/1/1963,25.301,0.193,Bangalore,India,12.05N,77.26E
10/1/1963,24.551,0.218,Bangalore,India,12.05N,77.26E
11/1/1963,23.897,0.43,Bangalore,India,12.05N,77.26E
12/1/1963,22.782,0.284,Bangalore,India,12.05N,77.26E
1/1/1964,22.799,0.755,Bangalore,India,12.05N,77.26E
2/1/1964,25.16,0.33,Bangalore,India,12.05N,77.26E
3/1/1964,27.44,0.167,Bangalore,India,12.05N,77.26E
4/1/1964,28.757,0.335,Bangalore,India,12.05N,77.26E
5/1/1964,28.602,0.317,Bangalore,India,12.05N,77.26E
6/1/1964,25.83,0.288,Bangalore,India,12.05N,77.26E
7/1/1964,24.676,0.622,Bangalore,India,12.05N,77.26E
8/1/1964,24.24,0.276,Bangalore,India,12.05N,77.26E
9/1/1964,24.225,0.213,Bangalore,India,12.05N,77.26E
10/1/1964,24.506,0.531,Bangalore,India,12.05N,77.26E
11/1/1964,22.831,0.328,Bangalore,India,12.05N,77.26E
12/1/1964,21.986,0.327,Bangalore,India,12.05N,77.26E
1/1/1965,22.359,0.297,Bangalore,India,12.05N,77.26E
2/1/1965,24.38,0.383,Bangalore,India,12.05N,77.26E
3/1/1965,26.756,0.296,Bangalore,India,12.05N,77.26E
4/1/1965,27.495,0.306,Bangalore,India,12.05N,77.26E
5/1/1965,27.643,0.39,Bangalore,India,12.05N,77.26E
6/1/1965,25.551,0.751,Bangalore,India,12.05N,77.26E
7/1/1965,24.541,0.514,Bangalore,India,12.05N,77.26E
8/1/1965,24.515,0.273,Bangalore,India,12.05N,77.26E
9/1/1965,25.055,0.349,Bangalore,India,12.05N,77.26E
7/1/2008,27.554,0.379,Bombay,India,18.48N,72.68E
8/1/2008,26.831,0.383,Bombay,India,18.48N,72.68E
9/1/2008,27.193,0.255,Bombay,India,18.48N,72.68E
10/1/2008,28.655,0.431,Bombay,India,18.48N,72.68E
11/1/2008,28.512,0.646,Bombay,India,18.48N,72.68E
12/1/2008,27.435,0.495,Bombay,India,18.48N,72.68E
1/1/2009,25.783,0.207,Bombay,India,18.48N,72.68E
2/1/2009,25.766,0.674,Bombay,India,18.48N,72.68E
3/1/2009,27.193,0.603,Bombay,India,18.48N,72.68E
4/1/2009,28.936,0.553,Bombay,India,18.48N,72.68E
5/1/2009,29.735,0.173,Bombay,India,18.48N,72.68E
6/1/2009,29.548,0.46,Bombay,India,18.48N,72.68E
7/1/2009,27.385,0.231,Bombay,India,18.48N,72.68E
8/1/2009,27.852,0.282,Bombay,India,18.48N,72.68E
9/1/2009,28.173,0.166,Bombay,India,18.48N,72.68E
10/1/2009,28.396,0.286,Bombay,India,18.48N,72.68E
11/1/2009,28.324,0.242,Bombay,India,18.48N,72.68E
12/1/2009,27.043,0.227,Bombay,India,18.48N,72.68E
1/1/2010,26.12,0.491,Bombay,India,18.48N,72.68E
2/1/2010,25.615,0.411,Bombay,India,18.48N,72.68E
3/1/2010,27.362,0.48,Bombay,India,18.48N,72.68E
4/1/2010,29.178,0.298,Bombay,India,18.48N,72.68E
5/1/2010,30.682,0.28,Bombay,India,18.48N,72.68E
6/1/2010,28.881,0.184,Bombay,India,18.48N,72.68E
7/1/2010,27.364,0.258,Bombay,India,18.48N,72.68E
8/1/2010,27.279,0.213,Bombay,India,18.48N,72.68E
9/1/2010,27.587,0.441,Bombay,India,18.48N,72.68E
10/1/2010,28.774,0.249,Bombay,India,18.48N,72.68E
11/1/2010,28.883,0.352,Bombay,India,18.48N,72.68E
12/1/2010,25.46,0.276,Bombay,India,18.48N,72.68E
1/1/2011,24.543,0.441,Bombay,India,18.48N,72.68E
2/1/2011,25.031,0.408,Bombay,India,18.48N,72.68E
3/1/2011,26.99,0.665,Bombay,India,18.48N,72.68E
4/1/2011,27.716,0.296,Bombay,India,18.48N,72.68E
5/1/2011,29.546,0.358,Bombay,India,18.48N,72.68E
6/1/2011,28.394,0.469,Bombay,India,18.48N,72.68E
7/1/2011,27.133,0.218,Bombay,India,18.48N,72.68E
8/1/2011,27.122,0.145,Bombay,India,18.48N,72.68E
9/1/2011,27.39,0.233,Bombay,India,18.48N,72.68E
10/1/2011,28.864,0.259,Bombay,India,18.48N,72.68E
11/1/2011,29.04,0.312,Bombay,India,18.48N,72.68E
12/1/2011,26.85,0.271,Bombay,India,18.48N,72.68E
1/1/2012,23.844,0.439,Bombay,India,18.48N,72.68E
2/1/2012,24.693,0.403,Bombay,India,18.48N,72.68E
3/1/2012,25.574,0.55,Bombay,India,18.48N,72.68E
4/1/2012,28.223,0.404,Bombay,India,18.48N,72.68E
5/1/2012,29.235,0.462,Bombay,India,18.48N,72.68E
6/1/2012,28.847,0.37,Bombay,India,18.48N,72.68E
7/1/2012,27.941,0.433,Bombay,India,18.48N,72.68E
8/1/2012,27.405,0.342,Bombay,India,18.48N,72.68E
9/1/2012,27.491,0.545,Bombay,India,18.48N,72.68E
10/1/2012,28.689,0.368,Bombay,India,18.48N,72.68E
11/1/2012,27.54,0.657,Bombay,India,18.48N,72.68E
12/1/2012,26.828,0.593,Bombay,India,18.48N,72.68E
1/1/2013,24.187,0.858,Bombay,India,18.48N,72.68E
2/1/2013,25.005,0.836,Bombay,India,18.48N,72.68E
3/1/2013,26.301,0.35,Bombay,India,18.48N,72.68E
4/1/2013,27.335,0.632,Bombay,India,18.48N,72.68E
5/1/2013,29.718,0.574,Bombay,India,18.48N,72.68E
6/1/2013,27.686,0.26,Bombay,India,18.48N,72.68E
9/1/1915,26.605,0.422,Hyderabad,India,16.87N,78.70E
10/1/1915,26.399,0.386,Hyderabad,India,16.87N,78.70E
11/1/1915,24.773,0.485,Hyderabad,India,16.87N,78.70E
12/1/1915,20.966,0.653,Hyderabad,India,16.87N,78.70E
1/1/1916,22.664,0.835,Hyderabad,India,16.87N,78.70E
2/1/1916,25.575,0.572,Hyderabad,India,16.87N,78.70E
3/1/1916,28.834,0.475,Hyderabad,India,16.87N,78.70E
4/1/1916,31.655,0.866,Hyderabad,India,16.87N,78.70E
5/1/1916,32.566,0.302,Hyderabad,India,16.87N,78.70E
6/1/1916,28.375,0.422,Hyderabad,India,16.87N,78.70E
7/1/1916,26.913,0.36,Hyderabad,India,16.87N,78.70E
8/1/1916,26.492,0.489,Hyderabad,India,16.87N,78.70E
9/1/1916,26.493,0.418,Hyderabad,India,16.87N,78.70E
10/1/1916,25.847,0.532,Hyderabad,India,16.87N,78.70E
11/1/1916,23.718,0.644,Hyderabad,India,16.87N,78.70E
12/1/1916,20.755,0.786,Hyderabad,India,16.87N,78.70E
1/1/1917,21.858,0.785,Hyderabad,India,16.87N,78.70E
2/1/1917,24.188,0.563,Hyderabad,India,16.87N,78.70E
3/1/1917,27.388,0.866,Hyderabad,India,16.87N,78.70E
4/1/1917,30.276,0.887,Hyderabad,India,16.87N,78.70E
5/1/1917,29.985,0.346,Hyderabad,India,16.87N,78.70E
6/1/1917,28.032,0.309,Hyderabad,India,16.87N,78.70E
7/1/1917,27.084,0.699,Hyderabad,India,16.87N,78.70E
8/1/1917,26.64,0.322,Hyderabad,India,16.87N,78.70E
9/1/1917,25.924,0.361,Hyderabad,India,16.87N,78.70E
10/1/1917,25.405,0.151,Hyderabad,India,16.87N,78.70E
11/1/1917,23.142,0.632,Hyderabad,India,16.87N,78.70E
12/1/1917,21.243,0.532,Hyderabad,India,16.87N,78.70E
1/1/1918,21.571,0.615,Hyderabad,India,16.87N,78.70E
2/1/1918,24.469,0.643,Hyderabad,India,16.87N,78.70E
3/1/1918,28.062,0.495,Hyderabad,India,16.87N,78.70E
4/1/1918,30.917,0.246,Hyderabad,India,16.87N,78.70E
5/1/1918,30.918,0.468,Hyderabad,India,16.87N,78.70E
6/1/1918,28.955,0.86,Hyderabad,India,16.87N,78.70E
7/1/1918,28.505,0.345,Hyderabad,India,16.87N,78.70E
8/1/1918,26.827,0.258,Hyderabad,India,16.87N,78.70E
9/1/1918,27.409,0.31,Hyderabad,India,16.87N,78.70E
10/1/1918,26.566,0.287,Hyderabad,India,16.87N,78.70E
11/1/1918,24.566,0.452,Hyderabad,India,16.87N,78.70E
12/1/1918,22.343,0.265,Hyderabad,India,16.87N,78.70E
1/1/1919,23.942,0.564,Hyderabad,India,16.87N,78.70E
2/1/1919,26.209,0.641,Hyderabad,India,16.87N,78.70E
3/1/1919,28.995,0.694,Hyderabad,India,16.87N,78.70E
4/1/1919,31.473,0.602,Hyderabad,India,16.87N,78.70E
5/1/1919,32.532,0.611,Hyderabad,India,16.87N,78.70E
6/1/1919,28.718,0.429,Hyderabad,India,16.87N,78.70E
7/1/1919,27.321,0.366,Hyderabad,India,16.87N,78.70E
8/1/1919,26.988,0.477,Hyderabad,India,16.87N,78.70E
9/1/1919,27.072,0.265,Hyderabad,India,16.87N,78.70E
10/1/1919,25.679,0.386,Hyderabad,India,16.87N,78.70E
11/1/1919,24.101,0.717,Hyderabad,India,16.87N,78.70E
12/1/1919,21.607,0.749,Hyderabad,India,16.87N,78.70E
1/1/1920,22.769,0.718,Hyderabad,India,16.87N,78.70E
2/1/1920,25.27,0.57,Hyderabad,India,16.87N,78.70E
3/1/1920,29.178,0.242,Hyderabad,India,16.87N,78.70E
4/1/1920,31.022,0.527,Hyderabad,India,16.87N,78.70E
5/1/1920,32.345,0.401,Hyderabad,India,16.87N,78.70E
6/1/1920,30.44,0.221,Hyderabad,India,16.87N,78.70E
7/1/1920,27.753,0.309,Hyderabad,India,16.87N,78.70E
8/1/1920,27.611,0.954,Hyderabad,India,16.87N,78.70E
9/1/1920,27.535,0.098,Hyderabad,India,16.87N,78.70E
10/1/1920,26.854,0.631,Hyderabad,India,16.87N,78.70E
11/1/1920,24.286,0.539,Hyderabad,India,16.87N,78.70E
12/1/1920,21.819,0.56,Hyderabad,India,16.87N,78.70E
1/1/1921,23.361,0.516,Hyderabad,India,16.87N,78.70E
2/1/1921,25.023,0.307,Hyderabad,India,16.87N,78.70E
3/1/1921,29.776,0.378,Hyderabad,India,16.87N,78.70E
4/1/1921,31.628,0.501,Hyderabad,India,16.87N,78.70E
5/1/1921,34.701,0.492,Hyderabad,India,16.87N,78.70E
6/1/1921,29.899,0.487,Hyderabad,India,16.87N,78.70E
7/1/1921,27.042,0.536,Hyderabad,India,16.87N,78.70E
8/1/1921,26.823,0.415,Hyderabad,India,16.87N,78.70E
9/1/1921,26.421,0.451,Hyderabad,India,16.87N,78.70E
10/1/1921,25.17,0.623,Hyderabad,India,16.87N,78.70E
11/1/1921,22.006,0.618,Hyderabad,India,16.87N,78.70E
12/1/1921,21.394,0.785,Hyderabad,India,16.87N,78.70E
1/1/1922,22.57,0.562,Hyderabad,India,16.87N,78.70E
2/1/1922,24.915,0.705,Hyderabad,India,16.87N,78.70E
3/1/1922,29.211,0.301,Hyderabad,India,16.87N,78.70E
4/1/1922,31.865,0.347,Hyderabad,India,16.87N,78.70E
5/1/1922,32.939,0.533,Hyderabad,India,16.87N,78.70E
6/1/1922,29.775,0.34,Hyderabad,India,16.87N,78.70E
7/1/1922,26.972,0.37,Hyderabad,India,16.87N,78.70E
8/1/1922,27.2,0.655,Hyderabad,India,16.87N,78.70E
9/1/1922,26.731,0.805,Hyderabad,India,16.87N,78.70E
10/1/1922,25.655,0.58,Hyderabad,India,16.87N,78.70E
11/1/1922,23.638,0.363,Hyderabad,India,16.87N,78.70E
12/1/1922,20.749,0.24,Hyderabad,India,16.87N,78.70E
1/1/1923,22.162,0.636,Hyderabad,India,16.87N,78.70E
2/1/1923,24.784,0.348,Hyderabad,India,16.87N,78.70E
3/1/1923,27.93,0.455,Hyderabad,India,16.87N,78.70E
4/1/1923,31.652,0.469,Hyderabad,India,16.87N,78.70E
5/1/1923,32.989,0.38,Hyderabad,India,16.87N,78.70E
6/1/1923,32.235,0.252,Hyderabad,India,16.87N,78.70E
7/1/1923,26.822,0.267,Hyderabad,India,16.87N,78.70E
8/1/1923,26.872,0.307,Hyderabad,India,16.87N,78.70E
9/1/1923,26.425,0.585,Hyderabad,India,16.87N,78.70E
10/1/1923,25.403,0.473,Hyderabad,India,16.87N,78.70E
11/1/1923,23.682,0.355,Hyderabad,India,16.87N,78.70E
12/1/1923,22.213,0.738,Hyderabad,India,16.87N,78.70E
1/1/1924,23.036,0.389,Hyderabad,India,16.87N,78.70E
2/1/1924,26.013,0.41,Hyderabad,India,16.87N,78.70E
3/1/1924,29.133,0.493,Hyderabad,India,16.87N,78.70E
4/1/1924,32.543,0.574,Hyderabad,India,16.87N,78.70E
5/1/1924,33.483,0.536,Hyderabad,India,16.87N,78.70E
6/1/1924,30.98,0.485,Hyderabad,India,16.87N,78.70E
7/1/1924,27.601,0.289,Hyderabad,India,16.87N,78.70E
8/1/1924,27.23,0.343,Hyderabad,India,16.87N,78.70E
9/1/1924,26.27,0.308,Hyderabad,India,16.87N,78.70E
10/1/1924,25.379,0.122,Hyderabad,India,16.87N,78.70E
11/1/1924,22.775,0.407,Hyderabad,India,16.87N,78.70E
12/1/1924,21.153,0.409,Hyderabad,India,16.87N,78.70E
1/1/1925,21.93,0.524,Hyderabad,India,16.87N,78.70E
2/1/1925,24.554,0.366,Hyderabad,India,16.87N,78.70E
3/1/1925,28.429,0.593,Hyderabad,India,16.87N,78.70E
4/1/1925,32.077,0.291,Hyderabad,India,16.87N,78.70E
5/1/1925,31.54,0.474,Hyderabad,India,16.87N,78.70E
6/1/1925,29.464,0.677,Hyderabad,India,16.87N,78.70E
7/1/1925,27.094,0.744,Hyderabad,India,16.87N,78.70E
8/1/1925,26.271,0.238,Hyderabad,India,16.87N,78.70E
9/1/1925,27.153,0.277,Hyderabad,India,16.87N,78.70E
10/1/1925,25.497,0.521,Hyderabad,India,16.87N,78.70E
11/1/1925,23.78,0.562,Hyderabad,India,16.87N,78.70E
12/1/1925,20.981,0.467,Hyderabad,India,16.87N,78.70E
1/1/1926,23.126,0.395,Hyderabad,India,16.87N,78.70E
2/1/1926,25.44,0.42,Hyderabad,India,16.87N,78.70E
3/1/1926,28.971,0.52,Hyderabad,India,16.87N,78.70E
4/1/1926,30.389,0.508,Hyderabad,India,16.87N,78.70E
5/1/1926,32.365,0.464,Hyderabad,India,16.87N,78.70E
6/1/1926,32.361,0.287,Hyderabad,India,16.87N,78.70E
7/1/1926,27.698,0.459,Hyderabad,India,16.87N,78.70E
8/1/1926,26.806,0.516,Hyderabad,India,16.87N,78.70E
9/1/1926,26.851,0.345,Hyderabad,India,16.87N,78.70E
10/1/1926,26.197,0.276,Hyderabad,India,16.87N,78.70E
11/1/1926,23.396,0.34,Hyderabad,India,16.87N,78.70E
12/1/1926,21.952,0.412,Hyderabad,India,16.87N,78.70E
